image,predicted_plate
01AAB481.jpg,01AAB481
01AAK413.jpg,01AAK413
01AAV960.jpg,01AAV960
01ACM895.jpg,01ACM895
01AHT733.jpg,01AHT733
01AJK507.jpg,01AJK507
01AJZ045.jpg,01AJZ045
01AOL089.jpg,01ADL089
01AON687.jpg,41AN09
01AOY955.jpg,01AD955
01ASB731.jpg,01ASB731
01ASP574.jpg,01ASP574
01AUK053.jpg,01AUK053
01AUR656.jpg,06BN5
01AUR98.jpg,01AUR98
01AUU798.jpg,01AUU798
01AVA02.jpg,01AA02
01BOB72.jpg,01BDB72
01CYP66.jpg,01CY66
01DUK44.jpg,01DAK44
01DVL74.jpg,01LTL74
01ESN96.jpg,01ESN96
01FDA22.jpg,01FA22
01FE668.jpg,01FE668
01HB237.jpg,01HB237
01NR111.jpg,01NR111
01RM100.jpg,01RM100
01SK018.jpg,01SK018
01SY394.jpg,01SY394
01TE833.jpg,01TE833
02ADB362.jpg,07ADB362
02AEF600.jpg,02AEF600
02BJ675.jpg,07BJ675
02DE321.jpg,07DE321
02DG953.jpg,07DG953
03AS922.jpg,03AS922
03BN814.jpg,03BB814
05AAR615.jpg,06AAR615
05ADD327.jpg,06AD327
05DM018.jpg,05DM018
05HD056.jpg,06HD056
05HD827.jpg,06HD827
06AAL384.jpg,06ALL384
06AAR660.jpg,06AAR660
06ABS594.jpg,06ABS594
06ABZ325.jpg,06BBZ325
06AC8339.jpg,06AC8339
06ACL388.jpg,06ACL388
06AD5075.jpg,06AD5075
06AEC667.jpg,06AECC667
06AEK444.jpg,06AEK444
06AES633.jpg,06ASS633
06AET405.jpg,06AET405
06AFC830.jpg,06AFC830
06AFN134.jpg,06AFH134
06AHY794.jpg,06AHY794
06AJ9000.jpg,06JJ9000
06AK3801.jpg,06AK3801
06ALM04.jpg,07AS776
06AO7670.jpg,06AU7670
06AS6999.jpg,06AS6999
06AY3620.jpg,06AT3620
06BA3798.jpg,06BA3798
06BB9841.jpg,06BB9841
06BBJ631.jpg,06BBJ631
06BCY862.jpg,06BCY862
06BER703.jpg,06ER703
06BET11.jpg,06BET11
06BEV642.jpg,06EEV642
06BFV507.jpg,06BFV507
06BGB102.jpg,06BGB102
06BGC86.jpg,06BGC869
06BGL473.jpg,06BGL473
06BGM931.jpg,06BGM931
06BH4807.jpg,06BH4807
06BK0519.jpg,06BK0519
06BLE579.jpg,06ELE579
06BME926.jpg,06BNE926
06BNH245.jpg,06BH245
06BOM704.jpg,06DM704
06BPP896.jpg,07SS
06BPS099.jpg,06BPS099
06BRZ220.jpg,06BZ220
06BS616.jpg,06BE616
06BS923.jpg,06BS923
06BSF020.jpg,06BSF020
06BSG445.jpg,06BSG445
06BSR299.jpg,06BBR299
06BU2135.jpg,06BU2135
06BYZ216.jpg,06BZ216
06BZ3497.jpg,06BZ3497
06CAC19.jpg,06CAC19
06CBE132.jpg,06CE132
06CBF210.jpg,06CGF210
06CBP164.jpg,06CBP164
06CCA641.jpg,06CCA641
06CCR969.jpg,06CCR969
06CEA933.jpg,06CEA933
06CEK493.jpg,06CKK493
06CFL430.jpg,06CFL430
06CFM960.jpg,07APV90
06CGE770.jpg,06CGE770
06CIC739.jpg,06CIC739
06CIG262.jpg,06CIG262
06CKG290.jpg,06CKG290
06CLC350.jpg,06CLC350
06CLU466.jpg,06CLU466
06CPJ573.jpg,06CDV573
06CPP516.jpg,06CP516
06CRC621.jpg,06CRC621
06CRD443.jpg,06CD443
06CRU435.jpg,06CD435
06CRZ932.jpg,06CRZ932
06CTC652.jpg,06CTC652
06CTK164.jpg,06CTK164
06CVA029.jpg,06CYK029
06CVP237.jpg,06CVP237
06DAZ163.jpg,06DAZ163
06DBY507.jpg,06DBY507
06DDF150.jpg,06DF150
06DDG487.jpg,06DG487
06DEU095.jpg,06EEU095
06DFC387.jpg,06FC387
06DFF014.jpg,06DFF014
06DFJ681.jpg,06DFJ681
06DFP369.jpg,06FP369
06DHJ814.jpg,06CVJ814
06DHN031.jpg,06DNN031
06DIK890.jpg,06DK890
06DJA484.jpg,06BBA484
06DKS803.jpg,06BGS803
06DLZ736.jpg,06DLZ736
06DME374.jpg,06DME374
06DMK045.jpg,06DK045
06DRV093.jpg,06BRV093
06DS3078.jpg,06OS3078
06DSF680.jpg,06DSF680
06DT9530.jpg,06DT9530
06DU1838.jpg,06DU1838
06DVD79.jpg,06VTD79
06DVG813.jpg,06DVG813
06DVZ154.jpg,06DIZ154
06DY2180.jpg,06DY2180
06DY5182.jpg,06DY5182
06E1754.jpg,06E1754
06EAD893.jpg,06EA893
06EB3203.jpg,06EB3203
06EBJ271.jpg,06EBJ271
06EC3246.jpg,06E3246
06ECT145.jpg,06ELT145
06EF8515.jpg,06EF8515
06EGB964.jpg,06EGB964
06EHM155.jpg,06EH155
06EHY767.jpg,06EPY767
06EIB441.jpg,06EIB441
06EIU711.jpg,06EIU711
06EJL189.jpg,06EL189
06EKP647.jpg,06EKP647
06ELL387.jpg,06EILL387
06EMS42.jpg,06EMS42
06ENR51.jpg,02EZ3
06ET4087.jpg,06ET4087
06ET6600.jpg,06ET6600
06EU6300.jpg,06EU6300
06EUF99.jpg,06EUF99
06EV9539.jpg,06EV9539
06FAY85.jpg,06FAY85
06FC6454.jpg,06FC6454
06FE8888.jpg,06FE8888
06FF2890.jpg,06FF2890
06FF4344.jpg,06F4344
06FG471.jpg,06FG471
06FH3406.jpg,06FH3406
06FLJ47.jpg,06FLJ47
06FM9788.jpg,06FM9788
06FML11.jpg,06CTZ151
06FP5263.jpg,06FP5263
06FR6953.jpg,06FR6953
06FS5897.jpg,06FS5897
06FZ1672.jpg,06FZ1672
06GA2010.jpg,06AA2010
06GD6324.jpg,06GD6324
06GD7721.jpg,06GD7721
06GH012.jpg,06GS012
06GNZ84.jpg,06BNZ84
06GRS99.jpg,07CS3
06HF998.jpg,06HF998
06HSY53.jpg,06SSY53
06JD024.jpg,06DID024
06KA8038.jpg,06AA8038
06LA0080.jpg,06AA0080
06LD691.jpg,06LD691
06M0546.jpg,06MM0546
06MSR86.jpg,06KBR86
06MYP57.jpg,06DTP57
06N3572.jpg,06N3572
06NB724.jpg,06NB724
06ORG155.jpg,06BRG155
06PD245.jpg,06PD245
06PER12.jpg,06EER12
06REC86.jpg,06BBC86
06SN291.jpg,06SN291
06TAT85.jpg,06AA85
06VBG33.jpg,06VG33
06VGE03.jpg,06VG03
06YA8021.jpg,02AT344
06YKG35.jpg,06YK35
06YP523.jpg,06VIP523
06YSS73.jpg,06KSS73
06YT473.jpg,06YT473
06Z2319.jpg,06ZZ2319
07A8553.jpg,07A563
07A8572.jpg,07A8572
07A8577.jpg,07A8577
07A8591.jpg,07A8591
07A8621.jpg,07A8821
07A8623.jpg,07A8623
07A8626.jpg,07A8626
07A8627.jpg,07A827
07A8629.jpg,07A8629
07A8677.jpg,07A8677
07AAD50.jpg,07AAD50
07AAE987.jpg,07AAE987
07AAE999.jpg,07AA999
07AAF411.jpg,07AAF41
07AAH639.jpg,07AAH639
07AAH949.jpg,07AAH949
07AAJ002.jpg,07AAJ002
07AAJ097.jpg,07HA097
07AAL054.jpg,07ALL054
07AAL664.jpg,07AAL664
07AAR016.jpg,07AAR016
07AAR432.jpg,07AAR432
07AAS034.jpg,07AAS034
07AAT738.jpg,07AAT738
07AAU137.jpg,07AAU137
07ABG567.jpg,07AG0
07ABH237.jpg,07AB237
07ABJ164.jpg,07ABJ164
07ABL833.jpg,07AGL833
07ABS575.jpg,07ABS575
07ABT384.jpg,07ABT384
07ABT848.jpg,07AA820
07ABU209.jpg,07ABU209
07AC0707.jpg,07AC0707
07AC1923.jpg,07AC1923
07AC1948.jpg,07AC1948
07ACD182.jpg,07ACD182
07ACF151.jpg,07ACF151
07ACH924.jpg,07ACH924
07ACL214.jpg,07ACL214
07ACM150.jpg,07ACM150
07ACN334.jpg,07HK
07ACR776.jpg,07ACR776
07ACS891.jpg,07ASS891
07ACT926.jpg,07ACT926
07ACU754.jpg,07ACU754
07ACV237.jpg,07ACV237
07ACV326.jpg,07ACV326
07ACY102.jpg,07ACY102
07ADB919.jpg,07AOB919
07ADD201.jpg,07ADD201
07ADE043.jpg,07ADE043
07ADE562.jpg,07ADE562
07ADF425.jpg,07ADF425
07ADG704.jpg,07AOG704
07ADJ196.jpg,07ADJ196
07ADK520.jpg,07ADK520
07ADL126.jpg,07ADL126
07ADL197.jpg,07ADL197
07ADL813.jpg,07AOL813
07ADM738.jpg,07AOM738
07ADP312.jpg,07ADP312
07ADR999.jpg,07ADR999
07ADY152.jpg,07ADY152
07ADZ257.jpg,07AOZ257
07ADZ288.jpg,07ADZ288
07AEA012.jpg,07AEA012
07AEB051.jpg,07AEB051
07AEB414.jpg,07AE8414
07AEC885.jpg,07AEC885
07AEE407.jpg,07AE407
07AEE476.jpg,07AEE476
07AEG345.jpg,07AEG345
07AEJ047.jpg,07AEJ047
07AEJ712.jpg,07AEJ712
07AEM466.jpg,07AEM466
07AER029.jpg,07AER029
07AER781.jpg,07AER781
07AES564.jpg,07ASS564
07AEV146.jpg,07AEV146
07AEY408.jpg,07AEY408
07AEY97.jpg,07AEY979
07AEY979.jpg,07AEY979
07AEZ163.jpg,07AEZ163
07AEZ254.jpg,07AEZ254
07AF013.jpg,07AFF013
07AFC846.jpg,07AFC846
07AFD531.jpg,07AFD531
07AFD560.jpg,07AFD560
07AFF012.jpg,07AFF012
07AFF015.jpg,07AFF015
07AFF016.jpg,07AF016
07AFF587.jpg,07AFF587
07AFG757.jpg,07AFG757
07AFG784.jpg,07AFG784
07AFJ528.jpg,07AFJ528
07AFJ548.jpg,07AFJ548
07AFJ969.jpg,07AFJ969
07AFL071.jpg,07AFL071
07AFL297.jpg,07AFL297
07AFL336.jpg,07AFL336
07AFL953.jpg,07AFL953
07AFM314.jpg,07AFM314
07AFM315.jpg,07AFM315
07AFN314.jpg,07AFN314
07AFP853.jpg,07AFP853
07AFR581.jpg,07AFR581
07AFS094.jpg,07AFS094
07AFS315.jpg,07AFS315
07AFS456.jpg,07AFS456
07AFS508.jpg,07AFS508
07AFU492.jpg,07AFU492
07AFV81.jpg,07AFV81
07AFZ009.jpg,07AFZ009
07AFZ061.jpg,07AFZ061
07AGA033.jpg,07AGA033
07AGA341.jpg,07AGA341
07AGA444.jpg,07AGA444
07AGA516.jpg,07AGA516
07AGE813.jpg,07AGE81
07AGG340.jpg,07AGG340
07AGJ591.jpg,07AGJ591
07AGL674.jpg,07AGL674
07AGL93.jpg,07AGL93
07AGM182.jpg,07AGM182
07AGR845.jpg,07AGR845
07AGS090.jpg,07AGS090
07AGU566.jpg,07AGU566
07AGV048.jpg,07AGV048
07AGY200.jpg,07AGY200
07AGY813.jpg,07AGY813
07AHA240.jpg,07A240
07AHB157.jpg,07AHB157
07AHC868.jpg,07AHC868
07AHD993.jpg,07AHV894
07AHE382.jpg,07AHE382
07AHE510.jpg,07AHE510
07AHH452.jpg,07AH452
07AHK658.jpg,07AHK658
07AHK801.jpg,07AHK801
07AHM064.jpg,07AH064
07AHM227.jpg,07AH227
07AHP244.jpg,07AHP244
07AHS466.jpg,07AHS466
07AHU656.jpg,07AU656
07AHY687.jpg,07AHY687
07AHY857.jpg,07AY857
07AHY902.jpg,07AHY902
07AIC175.jpg,07AIC175
07AID094.jpg,07AD094
07AID501.jpg,07ATD501
07AID553.jpg,07AID553
07AIF135.jpg,07AIF135
07AIJ174.jpg,07AJ174
07AIJ712.jpg,07AJ712
07AIK967.jpg,07ATK967
07AIL448.jpg,07AIL448
07AIN114.jpg,07AN114
07AIV135.jpg,07AIV135
07AIV923.jpg,07AV923
07AJC283.jpg,07AJC283
07AJG774.jpg,07AJ774
07AJJ221.jpg,07AJJ221
07AJJ684.jpg,07AJJ684
07AJL089.jpg,07AJL089
07AJM432.jpg,07AJM432
07AJN450.jpg,07AJN450
07AJN531.jpg,07AJN531
07AJS780.jpg,07AJS780
07AJU832.jpg,07AJ832
07AJV218.jpg,07AJV218
07AJZ320.jpg,07AJZ320
07AKA586.jpg,07AKA586
07AKD011.jpg,07AKD011
07AKJ181.jpg,07AKJ181
07AKN330.jpg,07AKN330
07AKR965.jpg,07AKR965
07AKS342.jpg,07AKS342
07AKS678.jpg,07AKS678
07AKS830.jpg,07ANK830
07AKS844.jpg,07AK844
07AKV088.jpg,07AKV088
07AKY138.jpg,07AKY138
07AKY587.jpg,07AKY587
07AKY650.jpg,07AKY650
07AKZ174.jpg,07AKZ174
07ALA139.jpg,07ALA139
07ALA418.jpg,07ALA418
07ALB182.jpg,07ALB182
07ALJ317.jpg,07ALJ317
07ALL360.jpg,07ALL360
07ALM942.jpg,07ALH942
07ALN833.jpg,07ALN833
07ALP092.jpg,07ALP092
07ALT474.jpg,07ALT474
07ALY038.jpg,07ALV038
07ALY68.jpg,07ALY68
07ANF979.jpg,07ANF979
07ANL454.jpg,07ANL454
07ANM170.jpg,07AN170
07ANS581.jpg,07ANS581
07ANT266.jpg,07ANT266
07ANU699.jpg,07ANU699
07ANU709.jpg,07ANU709
07ANZ876.jpg,07ANZ876
07AOA62.jpg,07ADA62
07AOA718.jpg,07ADA718
07AOF301.jpg,07AOF301
07AOF422.jpg,07AOF422
07AOJ863.jpg,07AOJ863
07AON345.jpg,07AON345
07AON559.jpg,07AON559
07AOP312.jpg,07ADP312
07AOP407.jpg,07ADP407
07AOU671.jpg,47A4
07AOV695.jpg,07AOV695
07AOY132.jpg,07ADY132
07AOY694.jpg,07AOY694
07APC784.jpg,07APC784
07APJ197.jpg,07APJ197
07APJ387.jpg,07APJ387
07APK407.jpg,07APK407
07APL271.jpg,07APL271
07APM266.jpg,07APM266
07APN237.jpg,07APN237
07APR724.jpg,07APR724
07APT074.jpg,07APT074
07APT088.jpg,07APT088
07APU914.jpg,07APU914
07APV886.jpg,07APV886
07APY22.jpg,07APY22
07APY467.jpg,07APY467
07APY681.jpg,07APY681
07ARB022.jpg,07ARB022
07ARC272.jpg,07ARC272
07ARE258.jpg,07ARE258
07ARE471.jpg,07ARE471
07ARF383.jpg,07ARF383
07ARJ647.jpg,06D
07ARK433.jpg,07ARK433
07ARK707.jpg,07ARK707
07ARK877.jpg,07ARK877
07ARK940.jpg,07ARK940
07ARL074.jpg,07ARL074
07ARL318.jpg,07ARL318
07ARL366.jpg,07ARL366
07ARM687.jpg,07ARN687
07ARN434.jpg,07AR434
07ARN476.jpg,07ARN476
07ARP069.jpg,07ARP069
07ARS451.jpg,07ARS451
07ARS572.jpg,07ARS572
07ARS588.jpg,07ARS588
07ART024.jpg,07AR024
07ART451.jpg,07ART451
07ARV920.jpg,07ARV920
07ARY442.jpg,07AR442
07ARY521.jpg,07AOY521
07ASA259.jpg,07ASA259
07ASB664.jpg,07ASB664
07ASF370.jpg,07ASF370
07ASF756.jpg,07ASF756
07ASF790.jpg,07ASF790
07ASG710.jpg,07AGG710
07ASG769.jpg,07ASG769
07ASK823.jpg,07ASK823
07ASL194.jpg,07ASLL194
07ASL577.jpg,07ASL577
07ASM615.jpg,07ASM615
07ASP601.jpg,07ASP601
07ASR055.jpg,07ASR055
07ASR203.jpg,07ASR203
07ASR961.jpg,07ASR961
07AST799.jpg,07AST799
07ASU188.jpg,07ASU188
07ASV279.jpg,07ASV279
07AT444.jpg,07AT444
07ATA319.jpg,07ATA319
07ATB306.jpg,07ATB35
07ATG500.jpg,07ATG500
07ATG880.jpg,07ATG880
07ATJ897.jpg,07ATJ897
07ATK138.jpg,07ATK138
07ATK333.jpg,07AYK333
07ATM674.jpg,07ATM674
07ATM775.jpg,07ATM775
07ATN131.jpg,07ATN131
07ATP200.jpg,07ATP200
07ATP913.jpg,07ATP913
07ATY411.jpg,07ATY411
07ATZ657.jpg,07AIZ657
07AUA596.jpg,07AUAA596
07AUD623.jpg,07AUD623
07AUF404.jpg,07AUF404
07AUF764.jpg,07AUF764
07AUG083.jpg,07AUG083
07AUG222.jpg,07AUG222
07AUG362.jpg,07AUG362
07AUH787.jpg,07NS
07AUK452.jpg,07AUK452
07AUL489.jpg,07AJL489
07AUT185.jpg,07AUT185
07AUU786.jpg,07AU786
07AUV757.jpg,07AUV757
07AUV905.jpg,07AUV905
07AUV928.jpg,07AAV928
07AUV977.jpg,07AUV977
07AUY086.jpg,07AUY086
07AUZ025.jpg,07AUZ025
07AUZ160.jpg,07AUZ160
07AVB020.jpg,07AYB020
07AVB605.jpg,07AVB605
07AVH130.jpg,07AH130
07AVJ321.jpg,07AVJ321
07AVL477.jpg,07AVL477
07AVL843.jpg,07AVL843
07AVM459.jpg,07AYM459
07AVN002.jpg,07AN002
07AVN837.jpg,07AVN837
07AVN962.jpg,07AN962
07AVP212.jpg,07AIP212
07AVP332.jpg,07AVP332
07AVP365.jpg,07AVP365
07AVP375.jpg,07AVP375
07AVR939.jpg,07AVR939
07AVS930.jpg,07AVS930
07AVT221.jpg,07AT221
07AVU594.jpg,07AVU594
07AVY851.jpg,07AY851
07AYB123.jpg,07AYB123
07AYB386.jpg,07AYB386
07AYD477.jpg,07AL7
07AYE361.jpg,05AN0
07AYH526.jpg,07AYH526
07AYH533.jpg,07AYH533
07AYH804.jpg,07AYH804
07AYK111.jpg,07AYK111
07AYL473.jpg,07AL473
07AYL485.jpg,07AYL485
07AYL686.jpg,07AYL686
07AYL748.jpg,07AYL748
07AYM556.jpg,07AYM556
07AYM765.jpg,07AYM765
07AYM980.jpg,07AYM980
07AYR750.jpg,07AYR750
07AYR805.jpg,07AYR805
07AYS084.jpg,07AYS084
07AYS374.jpg,07AYS374
07AYY406.jpg,07AY406
07AYY718.jpg,07AY718
07AYZ671.jpg,07AZ671
07AYZ761.jpg,07ATU32
07AYZ984.jpg,07AYZ984
07AZC088.jpg,07AZ088
07AZD497.jpg,07AZD0497
07AZE423.jpg,07AZEE423
07AZH055.jpg,07AZH055
07AZH235.jpg,07AZH235
07AZH759.jpg,07AZH759
07AZJ159.jpg,07AZJ159
07AZK296.jpg,07AZCK296
07AZK869.jpg,07AZKK869
07AZL763.jpg,07AZL763
07AZM535.jpg,07AZM535
07AZM762.jpg,07AZM762
07AZN271.jpg,07AZN271
07AZN529.jpg,07AZN529
07AZP140.jpg,07AZP140
07AZP574.jpg,07AZP574
07AZP653.jpg,07AZP653
07AZP772.jpg,07AZP772
07AZT764.jpg,07AZT764
07AZU166.jpg,07AZU166
07AZU260.jpg,07AZU260
07AZU672.jpg,07AZU672
07AZV540.jpg,07AZV540
07AZY192.jpg,07AZY192
07BAA436.jpg,07BAA436
07BAB91.jpg,07BAB91
07BAE434.jpg,07BAE434
07BAE826.jpg,07BAE826
07BAF685.jpg,07BAF685
07BAG925.jpg,07BAG925
07BAH044.jpg,07AV624
07BAK382.jpg,07BAA382
07BAL574.jpg,07BLL574
07BAL927.jpg,07ATV056
07BAM009.jpg,07BAM009
07BAR006.jpg,07BAR006
07BAS25.jpg,07BAS25
07BAV025.jpg,07BA025
07BAV741.jpg,07AFE2
07BBC917.jpg,07BBC917
07BBE340.jpg,07BBE340
07BBG519.jpg,07BBG519
07BBH219.jpg,07BBH219
07BBJ513.jpg,07BBJ513
07BBJ777.jpg,07BBJ777
07BBM085.jpg,07BBM085
07BBN272.jpg,07BBN272
07BBN463.jpg,07BBN463
07BBN727.jpg,07BBN727
07BBP025.jpg,07BBP025
07BBR934.jpg,07BBR934
07BBS402.jpg,07BBS402
07BBS454.jpg,07BBS454
07BBU342.jpg,07BBU342
07BBV411.jpg,07BBV411
07BBV905.jpg,07BBV905
07BBY532.jpg,07BBY532
07BCC959.jpg,07BCC959
07BCD660.jpg,07BCD660
07BCE477.jpg,07BCE477
07BCJ809.jpg,07BCJ809
07BCK068.jpg,07BCK068
07BCK440.jpg,07BCK440
07BCK464.jpg,07BCK464
07BCL952.jpg,07BCL952
07BCL971.jpg,07BCL971
07BCN192.jpg,07BCN192
07BCT378.jpg,07BCT378
07BCU537.jpg,07BCU537
07BDA27.jpg,07BDA27
07BDD483.jpg,07BD483
07BDF652.jpg,07BF652
07BDH336.jpg,07BDMM336
07BDH995.jpg,07BOR995
07BDJ007.jpg,07BDJ007
07BDJ269.jpg,07BOJ269
07BDJ884.jpg,07BD884
07BDK259.jpg,07BDK259
07BDK943.jpg,07BOK943
07BDL371.jpg,07BDL371
07BDM096.jpg,07BDM096
07BDM714.jpg,07BDM714
07BDN619.jpg,07BDN619
07BDN753.jpg,07BDN753
07BDP132.jpg,07BDP132
07BDP490.jpg,07BDP490
07BDP603.jpg,07BD603
07BDS525.jpg,07BOS525
07BDU119.jpg,07BDU119
07BDU899.jpg,07BDU899
07BDV20.jpg,07BOV20
07BDY196.jpg,07BDY196
07BEA281.jpg,07BEA281
07BEA814.jpg,07BEA814
07BED818.jpg,07BED818
07BEG735.jpg,07BEG735
07BEH568.jpg,07BEH568
07BEJ320.jpg,07BEJ320
07BEK114.jpg,07BEK114
07BEL052.jpg,07BEL052
07BEM030.jpg,07BEM030
07BEM062.jpg,07BEM062
07BEP015.jpg,07BEP015
07BEP020.jpg,07BEP020
07BER019.jpg,07BER019
07BER360.jpg,07BER360
07BER688.jpg,07BER688
07BER831.jpg,07BER831
07BEU048.jpg,07BEU048
07BEU799.jpg,07BEU799
07BEV728.jpg,07BEV728
07BEZ124.jpg,07BEZ124
07BEZ970.jpg,07BEZ970
07BFA923.jpg,07BFA923
07BFB914.jpg,07BFB914
07BFC332.jpg,07BFC332
07BFC539.jpg,07BFC539
07BFC774.jpg,07BFC774
07BFF019.jpg,07BF019
07BFG926.jpg,07BFG926
07BFH212.jpg,07BF212
07BFH232.jpg,07BFH232
07BFK079.jpg,07BFK079
07BFL126.jpg,07BFL126
07BFL454.jpg,07BFL454
07BFL973.jpg,07BFL973
07BFM641.jpg,07BFM641
07BFP035.jpg,07BFP035
07BFR218.jpg,07BP218
07BFR552.jpg,07BFR552
07BFT692.jpg,07BFT692
07BFV149.jpg,07BFV149
07BFY533.jpg,07BFY533
07BFZ289.jpg,07BFZ289
07BFZ743.jpg,07BFZ743
07BGA175.jpg,07BGA175
07BGA907.jpg,07BGA907
07BGB179.jpg,07BGB179
07BGC31.jpg,07BGC31
07BGD619.jpg,07BGD619
07BGE481.jpg,07BGE481
07BGG32.jpg,07BGG32
07BGG851.jpg,07BGG851
07BGH750.jpg,07BGH750
07BGJ527.jpg,07BGJ527
07BGK156.jpg,07BGK156
07BGM131.jpg,07BGM131
07BGM466.jpg,07BGM466
07BGP107.jpg,07BGP107
07BGS233.jpg,07BGS233
07BGS253.jpg,07BGS253
07BGS384.jpg,07BGS384
07BGU493.jpg,07BGU493
07BGV526.jpg,07BGV526
07BGV721.jpg,07BGV721
07BGY515.jpg,07BGY515
07BGZ731.jpg,07BGZ731
07BHA435.jpg,07BHA435
07BHA518.jpg,07BHA518
07BHA880.jpg,07BHK880
07BHB392.jpg,07BHB392
07BHC05.jpg,07BHC05
07BHC357.jpg,07BHC357
07BHD704.jpg,07BHD704
07BHE358.jpg,07BHE358
07BHE580.jpg,07BHE580
07BHF614.jpg,07BHF614
07BHG736.jpg,07BHG736
07BHG949.jpg,07BHG949
07BHH725.jpg,07BH725
07BHJ174.jpg,07BHJ174
07BHP177.jpg,07BHP177
07BHP840.jpg,07BHP840
07BHR286.jpg,07BR286
07BHR32.jpg,07BHR32
07BHS465.jpg,07BHS465
07BHS493.jpg,07BHS493
07BHS698.jpg,07BHS698
07BHT040.jpg,07BHT040
07BHU752.jpg,07BHUU752
07BHV17.jpg,07BH17
07BHV557.jpg,07H9
07BHY266.jpg,07BHY266
07BHY893.jpg,07BHY893
07BHZ317.jpg,07BHZ317
07BHZ390.jpg,07BHZ390
07BIA124.jpg,07BIA124
07BIA495.jpg,07BIA495
07BIB543.jpg,07BIB543
07BIC247.jpg,07BIC247
07BIC494.jpg,07BIC494
07BIF567.jpg,07BIF567
07BIF673.jpg,07BRF673
07BIH277.jpg,07BIM277
07BIH948.jpg,07BH948
07BIJ147.jpg,07BIJ147
07BIJ523.jpg,07BIJ523
07BIJ886.jpg,07BIJ886
07BIK186.jpg,07BIK186
07BIK72.jpg,07BK72
07BIL826.jpg,07BIL826
07BIM727.jpg,07BM727
07BIP517.jpg,07BIP517
07BIP732.jpg,07BIP732
07BIR250.jpg,07BN250
07BIT979.jpg,07BIT979
07BIU746.jpg,07BIU745
07BIV220.jpg,07BIV220
07BIV254.jpg,07BIV254
07BIV473.jpg,07BIV473
07BIZ30.jpg,07BZ30
07BJB07.jpg,07BJB07
07BJC432.jpg,07BJC432
07BJD541.jpg,07BJD541
07BJF182.jpg,07BJF182
07BJF351.jpg,07BJF351
07BJF935.jpg,07BJF935
07BJJ126.jpg,07BJJ126
07BJJ811.jpg,07BJJ811
07BJL024.jpg,07BJL024
07BJS542.jpg,07BJS542
07BJT595.jpg,07BJT595
07BJZ981.jpg,07BJZ981
07BKA789.jpg,07BKA789
07BKB498.jpg,07BKB498
07BKB620.jpg,07BKB620
07BKC131.jpg,07BKC131
07BKC546.jpg,07HL28
07BKF231.jpg,07BKF231
07BKH303.jpg,07BKH303
07BKH984.jpg,07BKH984
07BKM220.jpg,07BKM220
07BKN587.jpg,07BKN587
07BKN726.jpg,07BKN726
07BKN890.jpg,07BKN890
07BKP288.jpg,07BKP288
07BKP321.jpg,07BKP321
07BKS607.jpg,07BKS607
07BKT387.jpg,07BKT387
07BKU033.jpg,07BKU033
07BKZ173.jpg,07BKZ173
07BKZ605.jpg,07BKZ605
07BLC66.jpg,07BLC66
07BLE434.jpg,07BLE434
07BLG529.jpg,07BLG529
07BLG838.jpg,07BLG838
07BLJ536.jpg,07BLJ536
07BLJ960.jpg,07BLJ960
07BLL676.jpg,07BLL676
07BLM108.jpg,07BLM108
07BLN172.jpg,07BLN172
07BLN776.jpg,07BLN776
07BLR708.jpg,07BLR708
07BLS460.jpg,07BLS460
07BLT742.jpg,07BLT742
07BLU480.jpg,07BLU480
07BLU897.jpg,07BLU897
07BLV490.jpg,07BLV490
07BLV908.jpg,07BLV908
07BLY673.jpg,07BLY673
07BLY895.jpg,07BLY895
07BLZ351.jpg,07BLZ351
07BMA932.jpg,07BA932
07BMB982.jpg,07BMB982
07BMC14.jpg,07BMC14
07BMC540.jpg,07BMC540
07BMC58.jpg,07BMC58
07BMC966.jpg,07BMC966
07BME250.jpg,07BME250
07BMH519.jpg,07BH519
07BMH619.jpg,07BH619
07BMH779.jpg,07BMH779
07BMJ107.jpg,07BJ107
07BMJ328.jpg,07BMJ328
07BML457.jpg,07BML457
07BMM277.jpg,07BM277
07BMM560.jpg,07BM560
07BMN348.jpg,07BMN348
07BMS969.jpg,07BMS969
07BMT350.jpg,07BIT350
07BMT878.jpg,07BNT878
07BMU793.jpg,07BMU793
07BMZ540.jpg,07BMZ540
07BMZ699.jpg,07BMZ699
07BNA688.jpg,07BNA688
07BNA975.jpg,07BNA975
07BND987.jpg,07BND987
07BNE916.jpg,07BNE916
07BNG209.jpg,07BNG209
07BNH873.jpg,07BH873
07BNJ795.jpg,07BNJ795
07BNK656.jpg,07BNK656
07BNN216.jpg,07BN216
07BNN522.jpg,07BNN522
07BNP883.jpg,07BNP883
07BNR703.jpg,07BR703
07BNR748.jpg,07BNRR748
07BNR882.jpg,07BN882
07BNT03.jpg,07BNT03
07BNV283.jpg,07BNV283
07BNV667.jpg,07BNV667
07BNV848.jpg,07BNV848
07BNY836.jpg,07BNY836
07BNY927.jpg,07BNY927
07BNZ184.jpg,07BNZ184
07BNZ185.jpg,07BNZ185
07BNZ693.jpg,07BNZ693
07BNZ721.jpg,07BZ721
07BOB382.jpg,07BOB382
07BOE375.jpg,07BOE375
07BOE858.jpg,07BDE858
07BOF063.jpg,07BDF063
07BOF826.jpg,07BF826
07BOH549.jpg,07BOH549
07BOH550.jpg,07BOH550
07BOJ881.jpg,07BOJ881
07BOM386.jpg,07BOM386
07BON391.jpg,07BN391
07BON606.jpg,07BDN606
07BOP544.jpg,07BOP544
07BOP623.jpg,07BDP623
07BOR377.jpg,07BDR377
07BOR523.jpg,07BOR523
07BOU887.jpg,07BOU887
07BOU961.jpg,07BOU961
07BOV462.jpg,07BDV462
07BOV896.jpg,07BOV896
07BOY490.jpg,07BOY490
07BOZ636.jpg,07BOZ636
07BPB327.jpg,07BPB327
07BPB491.jpg,07BPB491
07BPB576.jpg,07BPB576
07BPC810.jpg,07BFC810
07BPD347.jpg,07BPD347
07BPE303.jpg,07BPE303
07BPG101.jpg,07BPG101
07BPG623.jpg,07CC231
07BPG994.jpg,07BPG994
07BPJ011.jpg,07BPJ011
07BPJ216.jpg,07BPJ216
07BPK387.jpg,07BPK387
07BPK675.jpg,07BPK675
07BPK795.jpg,07BPK795
07BPL099.jpg,07BPL099
07BPL234.jpg,07BPL234
07BPL951.jpg,07BPL951
07BPN490.jpg,07BPN490
07BPN501.jpg,07BRN501
07BPP025.jpg,07BP025
07BPT324.jpg,07BPT324
07BPT667.jpg,07BPT667
07BPV205.jpg,07BPV205
07BPV629.jpg,07BPV629
07BPV885.jpg,07BPV885
07BPZ279.jpg,07BPZ279
07BPZ505.jpg,07BFZ505
07BRA929.jpg,07BRA929
07BRD423.jpg,07BR423
07BRD976.jpg,07BOD976
07BRE163.jpg,07BRE163
07BRE220.jpg,07BRE220
07BRE570.jpg,07BRE570
07BRM081.jpg,07BM081
07BRM413.jpg,07BRM413
07BRP361.jpg,07BRP361
07BRP849.jpg,07BP849
07BRS842.jpg,07BRS842
07BRU506.jpg,07BRU506
07BRU724.jpg,07BRU724
07BRV523.jpg,07BRV523
07BRV828.jpg,07BRV828
07BRZ401.jpg,07BRZ401
07BSB143.jpg,07BSB143
07BSB212.jpg,07BSB212
07BSC041.jpg,07BSC041
07BSD921.jpg,07BSD921
07BSE725.jpg,07BSE725
07BSF278.jpg,07BSF278
07BSG251.jpg,07BSG251
07BSG379.jpg,07BSG379
07BSG775.jpg,07BSG775
07BSH284.jpg,07BSH284
07BSH981.jpg,07BSH981
07BSJ205.jpg,07BSJ205
07BSJ380.jpg,07BSJ380
07BSL942.jpg,07SL942
07BSM919.jpg,07BSM919
07BSM996.jpg,07BSM996
07BSN46.jpg,07AHL48
07BSN55.jpg,07BSN55
07BSP318.jpg,07BSP318
07BZE83.jpg,07826
07BZR80.jpg,07EZR80
07C32007.jpg,07CC32007
07C32009.jpg,07C32009
07C32010.jpg,07C32010
07C32011.jpg,07C32011
07C32016.jpg,07AT346
07C32021.jpg,07C32021
07C32022.jpg,07C32022
07C32034.jpg,07C32034
07C32040.jpg,07C32040
07C32052.jpg,07C32052
07C32056.jpg,07C32056
07C32081.jpg,07C32081
07C32090.jpg,07C32090
07C32096.jpg,07C32096
07C32108.jpg,07C32108
07C32159.jpg,07HB
07C32191.jpg,07C32191
07C32197.jpg,07C32197
07C32208.jpg,07C32208
07C32255.jpg,07C32255
07C32275.jpg,07C32275
07C32286.jpg,07C32286
07C32308.jpg,07C32308
07C32325.jpg,07C32325
07C32333.jpg,07C32333
07C32344.jpg,07C32344
07C32349.jpg,07C32349
07C32350.jpg,07C32350
07C32375.jpg,07C32375
07C32421.jpg,07C32421
07C32431.jpg,07N3243
07C32453.jpg,07C32453
07C32482.jpg,06C32482
07C32500.jpg,07CC32500
07C32503.jpg,07C32503
07C32513.jpg,07C32513
07C32530.jpg,07C32530
07C32563.jpg,07C32563
07C32567.jpg,07C32567
07C32667.jpg,07C32667
07C32681.jpg,07C32681
07C32684.jpg,07C32684
07C32711.jpg,07C32711
07C32718.jpg,07C32718
07C32728.jpg,07C32728
07C32731.jpg,07C32731
07C74014.jpg,07C74014
07C74254.jpg,07AZ4254
07C74321.jpg,07C74321
07C74743.jpg,37AP
07CEG12.jpg,07CG12
07CMN84.jpg,07CNN84
07CNY39.jpg,07AY39
07CSP05.jpg,07CSP05
07D5110.jpg,07D5110
07DB515.jpg,07UB515
07DD365.jpg,07DD365
07DES55.jpg,07BES55
07DG060.jpg,07BG060
07DG086.jpg,07BOG086
07DG163.jpg,07BG163
07DHG83.jpg,07HG83
07DHL55.jpg,07HL55
07E0108.jpg,07E0108
07E0767.jpg,07E0767
07E0802.jpg,07E0802
07E1496.jpg,07E1496
07E1898.jpg,07E1898
07E2078.jpg,07E2078
07E2483.jpg,07E2483
07E2669.jpg,07E2669
07E3616.jpg,07E3616
07E4456.jpg,07E4456
07E5034.jpg,07E5034
07E5473.jpg,07E5473
07E5484.jpg,07E5484
07E6769.jpg,07E6769
07E6812.jpg,07E6812
07E8877.jpg,07E8877
07E9097.jpg,07E9097
07E9600.jpg,07E9600
07E9897.jpg,07E9897
07E9949.jpg,07E9949
07EA442.jpg,07EAA442
07EAY96.jpg,07EAY96
07EBB15.jpg,07EBB15
07EDG61.jpg,07EDG61
07EFB924.jpg,07BEB924
07EFD49.jpg,07EFD49
07EGE42.jpg,07EE42
07EKT38.jpg,07EKT38
07EOU05.jpg,07EDU05
07ESS85.jpg,07SS85
07EYM53.jpg,07EM53
07F7275.jpg,07F7275
07FAU91.jpg,07AUAU91
07FB620.jpg,07FB620
07FE102.jpg,07FE102
07FFZ44.jpg,07FZ44
07FHN86.jpg,07HHN86
07FK200.jpg,07FK200
07FOM89.jpg,07M89
07FOV52.jpg,07BPV52
07FRH35.jpg,07HH35
07FS427.jpg,07FS427
07FYY38.jpg,07FY38
07FZB10.jpg,07EB10
07GB199.jpg,07BB199
07GD907.jpg,07GD907
07GE021.jpg,07AS01
07GGC40.jpg,07GGC40
07GMT93.jpg,07BY93
07GNZ86.jpg,07BNZ86
07GRE83.jpg,35ES4
07GRH31.jpg,07BRH31
07GS300.jpg,07GS300
07GTB06.jpg,07GTB06
07GUB83.jpg,07AUB83
07GYZ95.jpg,07GYZ95
07H0002.jpg,07H0002
07H0014.jpg,07H0014
07H0016.jpg,07H0016
07H0024.jpg,07H0024
07H0034.jpg,07H0034
07H0038.jpg,07H0038
07H0045.jpg,07H0045
07H0046.jpg,07H0046
07H0049.jpg,07H0049
07H0053.jpg,07H0053
07H0062.jpg,07H0062
07H0071.jpg,07H0071
07H0073.jpg,07H0073
07H0079.jpg,07H0079
07H0080.jpg,07H0080
07H0087.jpg,07H0087
07H0090.jpg,07H0090
07H0092.jpg,07H0092
07H0093.jpg,07H0093
07H0097.jpg,07H0097
07H0100.jpg,07H0100
07H0101.jpg,07H0101
07H0109.jpg,07H0109
07H0113.jpg,07H0113
07H0121.jpg,07H0121
07H0124.jpg,07H0124
07H0153.jpg,07H0153
07H0155.jpg,07H0155
07H0157.jpg,07H0157
07H0165.jpg,07H0165
07H0169.jpg,07H0169
07H0173.jpg,07H0173
07H0176.jpg,07H0176
07H0178.jpg,07H0178
07H0181.jpg,07H0181
07H0187.jpg,07H0187
07H0188.jpg,07H0188
07H0191.jpg,07H0191
07H0210.jpg,07H0210
07H0213.jpg,07H0213
07H0218.jpg,07H0218
07H0226.jpg,07H0226
07H0232.jpg,07H0232
07H0235.jpg,07H0235
07H0242.jpg,07H0242
07H0260.jpg,07H0260
07H0261.jpg,07H0261
07H0266.jpg,07H0266
07H0267.jpg,07H0267
07H0268.jpg,07H0268
07H0270.jpg,07H0270
07H0283.jpg,07H0283
07H0287.jpg,07H0287
07H0310.jpg,07H0310
07H0313.jpg,07H0313
07H0323.jpg,07H0323
07H0326.jpg,07H0326
07H0331.jpg,07H0331
07H0336.jpg,07H0336
07H0343.jpg,07H0343
07H0352.jpg,07H0352
07H0355.jpg,07H0355
07H0358.jpg,07H0358
07H0361.jpg,07H0361
07H0367.jpg,07H0367
07H0382.jpg,07H0382
07H0384.jpg,07H0384
07H0385.jpg,07H0385
07H0388.jpg,07H0388
07H0390.jpg,07H0390
07H0394.jpg,07H0394
07H0404.jpg,07H0404
07H0417.jpg,07H0417
07H0446.jpg,07H0446
07H0449.jpg,07H0449
07H0456.jpg,07H0456
07H0479.jpg,07H0479
07H0485.jpg,07H0485
07H0490.jpg,07H0490
07H0494.jpg,07H0494
07H0496.jpg,07H0496
07H0500.jpg,07H0500
07H0501.jpg,07H0501
07H0507.jpg,07H0507
07H0535.jpg,07H0535
07H0538.jpg,07H0538
07H0540.jpg,07H0540
07H0543.jpg,07H0543
07H0552.jpg,07H0552
07H0558.jpg,07H0558
07H0563.jpg,07H0563
07H0564.jpg,07H0564
07H0578.jpg,07H0578
07H0591.jpg,07H0591
07H0593.jpg,07H0593
07H0595.jpg,07H0595
07H0598.jpg,07H0598
07H0599.jpg,07H0599
07H0601.jpg,07H0601
07H0602.jpg,07H0602
07H0613.jpg,07H0613
07H0636.jpg,07H0636
07H0657.jpg,07H0657
07H0662.jpg,07H0662
07H0672.jpg,07H0672
07H0695.jpg,07H0695
07H0718.jpg,07H0718
07H0729.jpg,07H0729
07H0734.jpg,07H0734
07H0741.jpg,07H0741
07H0747.jpg,07H0747
07H0763.jpg,07H0763
07H0772.jpg,07H0772
07H0781.jpg,07H0781
07H0783.jpg,07H0783
07H0789.jpg,07H0789
07H0792.jpg,07H0792
07H0797.jpg,07H0797
07H0798.jpg,07H0798
07H0809.jpg,07H0809
07H0812.jpg,07H0812
07H0815.jpg,07H0815
07H0821.jpg,07H0821
07H0822.jpg,07H0822
07H0823.jpg,07H0823
07H0832.jpg,07H0832
07H0833.jpg,07H0833
07H0848.jpg,07H0848
07H0849.jpg,07H0849
07H0852.jpg,07H0852
07H0858.jpg,07H0858
07H0860.jpg,07H0860
07H0867.jpg,07H0867
07H0871.jpg,07H0871
07H0877.jpg,07H0877
07H0881.jpg,07H0881
07H0887.jpg,07H0887
07HAC89.jpg,07HAC89
07HAE13.jpg,07HAE13
07HAJ02.jpg,07HAJ02
07HAM13.jpg,07HAM13
07HAN10.jpg,07HAN10
07HAP16.jpg,07HAP16
07HAS81.jpg,07A623
07HAT49.jpg,07HAT49
07HAT75.jpg,07HAT75
07HAV99.jpg,07HAV99
07HAY07.jpg,07HAY07
07HB356.jpg,07HB356
07HBL07.jpg,07HRL07
07HBT70.jpg,07HBT70
07HCA97.jpg,07HC97
07HCF11.jpg,07HCF11
07HCJ17.jpg,07HCJ17
07HCK62.jpg,07HCK62
07HCM86.jpg,07HCM86
07HCR91.jpg,07HGR91
07HCS87.jpg,07HCS87
07HCU40.jpg,07HCU40
07HCU62.jpg,07HCU62
07HD113.jpg,07AP1131
07HD496.jpg,07H0454
07HD833.jpg,07H0833
07HDC25.jpg,07HOC25
07HDD60.jpg,07HD60
07HDV81.jpg,07HDV81
07HE486.jpg,07HE486
07HEE37.jpg,07HEE37
07HEK32.jpg,07HEK32
07HET06.jpg,07HET06
07HEU22.jpg,07HEU22
07HFM56.jpg,07HFH56
07HFO40.jpg,07HFD40
07HFP99.jpg,07HF99
07HFY02.jpg,07HFYY02
07HGC70.jpg,07NC70
07HGF27.jpg,07HGF27
07HGG26.jpg,07ATU8
07HGJ54.jpg,07HGJ54
07HGR81.jpg,07HGR81
07HGV16.jpg,07HGV16
07HHD79.jpg,07HH79
07HHD84.jpg,07HR84
07HHH22.jpg,07HHH22
07HHK76.jpg,07HHK76
07HHL82.jpg,07HCZ2
07HHN64.jpg,07NHH64
07HHR99.jpg,07HR99
07HHY26.jpg,07HY26
07HIB83.jpg,07HVB83
07HIE70.jpg,07HTE70
07HIJ58.jpg,07HPJ58
07HIY38.jpg,07NIY38
07HJS04.jpg,07HJS04
07HJT24.jpg,07HJT24
07HK610.jpg,07HK610
07HKE64.jpg,07HKE64
07HKG80.jpg,07HKG80
07HKJ10.jpg,07HJJ10
07HKN53.jpg,07HKM53
07HKZ39.jpg,07HHZ39
07HLA60.jpg,07HLA60
07HLC70.jpg,07HLC70
07HLC85.jpg,07HCC85
07HLE48.jpg,07HLE48
07HLJ42.jpg,07HLJ42
07HLR88.jpg,32AFS55
07HME89.jpg,07HE89
07HMF77.jpg,07HIF77
07HNH15.jpg,07HHH15
07HNH73.jpg,07HN73
07HNH76.jpg,07H76
07HNK22.jpg,07HHK22
07HNU61.jpg,07NU61
07HOA20.jpg,07HA20
07HOD42.jpg,07HOD42
07HOE06.jpg,07HDE06
07HOG63.jpg,07HG63
07HOH74.jpg,07HH74
07HOP41.jpg,02EZ3
07HOP68.jpg,07HOP68
07HOS50.jpg,07HOS50
07HOT85.jpg,07HOT85
07HOV01.jpg,07AOV64
07HPD21.jpg,07HPD21
07HPE46.jpg,07HPE46
07HPR45.jpg,07HPR45
07HPS70.jpg,07HPS70
07HPV36.jpg,07NHV36
07HPV46.jpg,07HPV46
07HPV65.jpg,07HPV65
07HPZ72.jpg,07HZ72
07HRB60.jpg,07HB60
07HRE06.jpg,07HRE06
07HRL25.jpg,07HRL25
07HRM19.jpg,07HHM19
07HRR49.jpg,07NB549
07HRS17.jpg,07HRS17
07HRU34.jpg,07HRU34
07HRU61.jpg,07HRU61
07HSB04.jpg,07HSB04
07HSB48.jpg,07HSB48
07HSJ61.jpg,07HSJ61
07HSL51.jpg,07HSL51
07HSN75.jpg,07HSN75
07HSS37.jpg,07HSS37
07HSS47.jpg,07HSS47
07HSS51.jpg,07HSS51
07HSY28.jpg,07HSY28
07HT092.jpg,07HT092
07HTA10.jpg,07HTA10
07HTA44.jpg,07HT44
07HTA45.jpg,07HTA45
07HTC23.jpg,07HTC23
07HTE07.jpg,07HTE07
07HTG10.jpg,07HTG10
07HTG18.jpg,07HTG18
07HTJ64.jpg,07HTJ64
07HTM35.jpg,07HTM35
07HTR01.jpg,07H
07HTS27.jpg,07HIS27
07HU095.jpg,07NU095
07HUB27.jpg,07HUB27
07HUG02.jpg,07HGG02
07HUG70.jpg,07HUG70
07HUG94.jpg,07HUG94
07HUK60.jpg,07HAK60
07HUL09.jpg,07HL09
07HUM35.jpg,6AZ97
07HUN29.jpg,07HUN29
07HUY33.jpg,07HUY33
07HVC93.jpg,07HVC93
07HVE20.jpg,07HVE20
07HVH22.jpg,07HVH22
07HVK74.jpg,07HYK74
07HVP66.jpg,07HVP66
07HVS97.jpg,07HVS97
07HYA70.jpg,07NA70
07HYG75.jpg,07HYG75
07HYM50.jpg,07HYH50
07HYR94.jpg,07HYR94
07HYY63.jpg,07HY63
07HZD05.jpg,07HZD05
07HZG75.jpg,07HGG75
07HZM73.jpg,07HZM73
07HZN02.jpg,07NLN02
07HZU54.jpg,07HZU54
07HZY26.jpg,07HZY26
07HZZ67.jpg,07HZZ67
07J0440.jpg,07J0440
07JE964.jpg,07EE964
07KB081.jpg,07KB081
07KBN79.jpg,07ABN79
07KC464.jpg,07KC464
07KCJ57.jpg,07KCJ57
07KCP94.jpg,07ACP94
07KK197.jpg,07KK197
07KK257.jpg,07KK257
07KK331.jpg,07K331
07KL713.jpg,07KL713
07KS416.jpg,07KS416
07KY780.jpg,07KY780
07L2429.jpg,07C2429
07L4944.jpg,07L4944
07L5776.jpg,07L5776
07LAU03.jpg,07AAU03
07LCL66.jpg,07CCL66
07LDP28.jpg,07LD28
07LES81.jpg,07LS81
07LFB25.jpg,07LB25
07LHM36.jpg,07HH36
07LHM70.jpg,07HH70
07LKF11.jpg,07LKF11
07LKF50.jpg,07KKF50
07LLP81.jpg,07LLP8
07LMH65.jpg,07LJHH65
07LNM22.jpg,07M0MN22
07LOB95.jpg,07LDB95
07LOV58.jpg,07LDV58
07LOV89.jpg,07LVV89
07LU653.jpg,07LU653
07LVB70.jpg,07LVB70
07LZ088.jpg,07AZ088
07MA6229.jpg,07NA6229
07MA6924.jpg,07NA6924
07MA6926.jpg,07MA6926
07MAE59.jpg,07MAE59
07MB5099.jpg,07MB5099
07MB6631.jpg,07MB6631
07MB7430.jpg,07MB7430
07MC0561.jpg,07MC0561
07MC1284.jpg,07MC1284
07MC4588.jpg,07MC4588
07MC4624.jpg,07MC4624
07MC5167.jpg,07MC5167
07MC5668.jpg,07MC5668
07MC6690.jpg,07MC6690
07MC6720.jpg,07MC6720
07MC7711.jpg,07MC7711
07MC8108.jpg,07MC8108
07MC8666.jpg,07MC8666
07MCH85.jpg,07HCH85
07MCN98.jpg,07MCM98
07MD0528.jpg,07MD0528
07MD061.jpg,07MD061
07MD1087.jpg,07MD1087
07MD1581.jpg,07MD1581
07MD1978.jpg,07MD1978
07MD2054.jpg,07MD2054
07MDR47.jpg,07MOR47
07MDS94.jpg,07BOS94
07MGM89.jpg,07MGM89
07MHP90.jpg,07HP90
07MHT61.jpg,07HTT61
07MIG74.jpg,07MIG74
07MIY07.jpg,07NIK07
07MJR39.jpg,07MJR39
07MJR45.jpg,07NJR45
07MMC22.jpg,07MC22
07MMJ56.jpg,07MJ56
07MPS33.jpg,07NPS33
07MRF93.jpg,07NRF93
07MRL02.jpg,07RL02
07MTN35.jpg,07MTN35
07MUK30.jpg,07NK30
07MYB99.jpg,07NYB99
07MZF34.jpg,07HZF34
07MZM05.jpg,07NZM05
07N0014.jpg,07HU
07N0134.jpg,07H0134
07N0343.jpg,07H0343
07N0829.jpg,07H0829
07N1116.jpg,07N1116
07N1824.jpg,07N1824
07N2437.jpg,07N2437
07N2444.jpg,07N2444
07N2905.jpg,34HH43
07N3006.jpg,07N3006
07N3140.jpg,07N3140
07N3299.jpg,07N3299
07N4234.jpg,07N4234
07N4400.jpg,07N4400
07N5747.jpg,07N5747
07N5979.jpg,07N5979
07N6225.jpg,07N2251
07N6560.jpg,07N6560
07N7577.jpg,07N7577
07N7974.jpg,07N7974
07N8101.jpg,07N8101
07N8300.jpg,07N8300
07N8707.jpg,07N8707
07N8725.jpg,07N8725
07N8926.jpg,07N8926
07N9090.jpg,07N9090
07N9312.jpg,07N9312
07N9466.jpg,07N9466
07N9822.jpg,07N9822
07NA1788.jpg,07HEZ2
07NA1988.jpg,07NA1988
07NA2124.jpg,07NA2124
07NA2424.jpg,07NA2424
07NA2487.jpg,07NA2487
07NA2500.jpg,07NA2500
07NA2587.jpg,07NA2587
07NA3036.jpg,07AA3036
07NA3916.jpg,07NA3916
07NA3925.jpg,07NA3925
07NA399.jpg,07NA399
07NA4444.jpg,07NA4444
07NA4503.jpg,07NA4503
07NAA77.jpg,07NAA77
07NAT36.jpg,07NAT36
07NAV79.jpg,07NAV79
07NB003.jpg,07NB003
07NB619.jpg,07NB619
07NB948.jpg,07NB948
07NBF99.jpg,07NBF99
07NBN89.jpg,07NBN89
07NBU47.jpg,07NBU47
07NC034.jpg,07NC034
07NCA11.jpg,07MCA11
07NCA73.jpg,07NCA73
07NCD50.jpg,07NCD50
07NCF10.jpg,07MCF10
07NCP55.jpg,07NCP55
07ND007.jpg,07ND007
07ND267.jpg,07N0267
07ND383.jpg,07ND383
07NDB20.jpg,07NDB20
07NDS78.jpg,07NDS78
07NEH88.jpg,07NE88
07NEH90.jpg,07NEH90
07NEM83.jpg,07NEM83
07NEV68.jpg,07NEYV68
07NEY10.jpg,07NEY10
07NFM35.jpg,07NFM35
07NFR55.jpg,07NFR55
07NFU24.jpg,07NFU24
07NGC75.jpg,07NGC75
07NGL22.jpg,07NL22
07NGL51.jpg,07NG51
07NGN66.jpg,07NGN66
07NGP88.jpg,07HGP88
07NGR88.jpg,07NGR88
07NGS11.jpg,07MGS11
07NGT51.jpg,07NGT51
07NGT97.jpg,07NGT97
07NHF01.jpg,07HF01
07NHJ79.jpg,07HJH79
07NHM25.jpg,07NHM25
07NHR09.jpg,07HR09
07NHR40.jpg,07NHR40
07NIG47.jpg,07NIG47
07NIH55.jpg,07NH55
07NIT60.jpg,07HTA60
07NJ879.jpg,07NJ879
07NJY06.jpg,07NJY06
07NK347.jpg,07NK347
07NKU31.jpg,07NKM31
07NKY76.jpg,07HKV76
07NME13.jpg,07NE13
07NN448.jpg,07NT443
07NN950.jpg,07NN950
07NNA01.jpg,07NNA01
07NNB17.jpg,08NB17
07NNN62.jpg,07N62
07NNP58.jpg,07NP58
07NNU18.jpg,07NU18
07NNV56.jpg,07NAT56
07NNV85.jpg,07NNV85
07NOE30.jpg,07NOE30
07NOK55.jpg,07NOK55
07NOK57.jpg,07ADK57
07NP200.jpg,07NP200
07NPC55.jpg,07NPC55
07NPG56.jpg,07NPG56
07NPR28.jpg,07NPR28
07NR780.jpg,07NR780
07NRH82.jpg,07H82
07NS428.jpg,07NS428
07NSA21.jpg,07NSA21
07NSB25.jpg,07BJ4
07NSK07.jpg,07NSK07
07NSK73.jpg,07NSK73
07NSS70.jpg,07NSS70
07NT707.jpg,07NT707
07NTJ06.jpg,07NTJ06
07NTN16.jpg,07N16
07NTT07.jpg,07NT07
07NU192.jpg,07NU192
07NU204.jpg,07NU204
07NUB55.jpg,07NBB55
07NUZ89.jpg,07NUZ89
07NV095.jpg,07NV095
07NV617.jpg,07NV617
07NVB01.jpg,07NVB01
07NVU87.jpg,07H
07NYE72.jpg,07NYE72
07NYH63.jpg,07NYM63
07NYM44.jpg,07N44
07NYN92.jpg,07NN92
07NYV10.jpg,07NV10
07NZG83.jpg,07NL83
07NZG89.jpg,07NZ89
07NZL50.jpg,07NZL50
07NZM49.jpg,07NZM49
07P1808.jpg,07P1808
07R3527.jpg,07R3527
07RB080.jpg,07BB080
07RD402.jpg,07RD402
07RH529.jpg,07HH529
07RJ315.jpg,07RJ315
07RY998.jpg,07BY998
07S7404.jpg,07S7404
07S8181.jpg,07S8181
07SBR90.jpg,07SSR90
07SD530.jpg,07S530
07SD861.jpg,07SD861
07SE808.jpg,07SE808
07SH432.jpg,07S432
07SJ626.jpg,07BJ626
07SK603.jpg,07SK603
07SS722.jpg,07SS722
07ST456.jpg,07AU61
07SY829.jpg,07SY829
07TEJ19.jpg,07E19
07TK626.jpg,07TK626
07UAB51.jpg,07AAB51
07UB887.jpg,07UB887
07UD298.jpg,07UD298
07UE121.jpg,07UE121
07UE904.jpg,07UE904
07UE969.jpg,07UE969
07UF567.jpg,07UF567
07UH228.jpg,07UH228
07UJ968.jpg,07UJ968
07UK009.jpg,07UK009
07UK172.jpg,07AK172
07UL063.jpg,07UL063
07UL609.jpg,07L609
07US687.jpg,07US687
07UT845.jpg,07UT845
07UT967.jpg,07UT967
07UV808.jpg,07AV808
07UY197.jpg,07UV197
07UZ027.jpg,07UZ027
07UZ355.jpg,07UZ355
07UZ541.jpg,07UZ541
07UZ838.jpg,07UZ838
07V1420.jpg,07M1420
07VA135.jpg,07NA135
07VBF07.jpg,07HB07
07VGE49.jpg,07YC49
07VJB57.jpg,07LUB57
07VS808.jpg,07VS808
07YC292.jpg,07YC292
07YEJ34.jpg,07EE34
07YGN03.jpg,07YG03
07YHA52.jpg,07HTA52
07YHH55.jpg,07H55
07YKS04.jpg,07KS04
07YML11.jpg,07MVL11
07YOG73.jpg,07MDG73
07YRT62.jpg,07YRT62
07YTE28.jpg,07YZE28
07ZE368.jpg,07E368
07ZP999.jpg,07AZP999
07ZT101.jpg,07ZZ101
07ZT284.jpg,07ZT284
09EY545.jpg,06EY545
09F8898.jpg,08F8898
09L4873.jpg,09L4873
10ANC091.jpg,10ANC091
10EE420.jpg,01EE420
10KT576.jpg,10KTT576
11ABH495.jpg,1ABH495
13AAT663.jpg,33AT663
14AK911.jpg,14AK911
14BS678.jpg,16BS678
14EH485.jpg,1EJ485
15AB602.jpg,15BB602
15ABB420.jpg,07HPG2
15ACR576.jpg,15ACR576
15KA556.jpg,1KAA556
15SC615.jpg,25SC615
16ABF210.jpg,16AFF210
16ABG934.jpg,16AGG934
16AGD545.jpg,16AGD545
16AHF958.jpg,16AHF958
16AIY122.jpg,6AY122
16AJB771.jpg,06AJB771
16APS568.jpg,16AFS568
16ASU28.jpg,16ASU28
16ATP055.jpg,16AIP055
16ATU323.jpg,16U323
16AYA295.jpg,15AYK295
16AZL584.jpg,16AZ584
16BGN504.jpg,16BGN504
16BIP90.jpg,06BIP90
16CKB14.jpg,16KKB14
16GU037.jpg,16GU037
16H0025.jpg,16H0025
16H7709.jpg,16H7709
16HK470.jpg,16HK470
16JGS25.jpg,16CGS25
16RCU65.jpg,16ECU65
16RM399.jpg,16RM399
16SER15.jpg,16ESR15
16SRL90.jpg,16ES90
16ZL882.jpg,4LS8
17ACM181.jpg,17ACM181
17ADC953.jpg,17ADC953
17AGD201.jpg,17AGD201
17AOG673.jpg,1ADG673
17SS550.jpg,27S550
20ACE731.jpg,10ACE731
20AHK434.jpg,20AHK434
20B4356.jpg,07BB4356
20K7055.jpg,20KK7055
21ABD372.jpg,21ABD372
21ACK793.jpg,21ACK793
21AEM462.jpg,21AEM462
21AFE267.jpg,212FE267
21KL321.jpg,2KL321
22DA183.jpg,2DA183
22E54714.jpg,22547314
23AEC366.jpg,2AEC366
23BR684.jpg,23R684
23FT041.jpg,2FT041
23FU234.jpg,2FU234
25ADA413.jpg,25ADA413
25ADE767.jpg,25AE767
25ADH681.jpg,24ADH681
25GD055.jpg,26GD055
25SK022.jpg,5KK022
26ABY098.jpg,25AB098
26AEH750.jpg,24AEH750
26AFI418.jpg,28AF418
26AHC681.jpg,25AC681
26AHE919.jpg,24AHE919
26AIV416.jpg,5FT41
26BY464.jpg,26BY464
26E3121.jpg,26E3121
26E5174.jpg,26EE5174
26ST252.jpg,26ET252
27ABU435.jpg,27ABU435
27ABZ401.jpg,27ABZ401
27ADJ164.jpg,27ADJ164
27AEE313.jpg,27AEE313
27AEK061.jpg,27AEK061
27AFP222.jpg,27AFP222
27AGZ033.jpg,27AGZ033
27AHF321.jpg,27AHF321
27AHK967.jpg,27AHK967
27AJG868.jpg,27AG868
27ANR821.jpg,27ANR821
27AOH765.jpg,27ADH765
27ARS735.jpg,27ARS735
27KM688.jpg,27KM688
27N5399.jpg,27N5399
27P8304.jpg,27R8304
27RJ221.jpg,27RJ221
27U7688.jpg,277688
27UF185.jpg,27AF185
27VK441.jpg,27MK441
28EA251.jpg,28EA251
31ACG08.jpg,31ACG08
31ADF312.jpg,31ADF312
31AEH913.jpg,31AEH913
31AFS015.jpg,31AFS015
31AFU089.jpg,31AU089
31AFU518.jpg,31AFU518
31AHY700.jpg,31AHY700
31AIV181.jpg,31AIV181
31AJN630.jpg,31AJN630
31AJU468.jpg,31AJU468
31AKN47.jpg,31AKN47
31AKT021.jpg,31AKT021
31ALS09.jpg,31ALS09
31ANY168.jpg,31ANY168
31APN552.jpg,31APN552
31ARZ906.jpg,31ARZ906
31ASD568.jpg,31ASD568
31DC997.jpg,31DC997
31DR051.jpg,31DR051
31E0058.jpg,31E0058
31E2572.jpg,31E2572
31KNT31.jpg,31KAT31
31NAC03.jpg,31MAC03
31R0364.jpg,31R0364
31UD192.jpg,31UD192
31VH998.jpg,31H998
31YP087.jpg,07AZ641
31Z0677.jpg,31Z0677
31Z5536.jpg,3135536
32AAD966.jpg,32AAD966
32ACL344.jpg,2ACL344
32AEE588.jpg,32AEE588
32AF338.jpg,3AF338
32AJ428.jpg,32AJ428
32DD977.jpg,323D977
32DK231.jpg,3DK231
32ER480.jpg,32ER480
32FM577.jpg,32FM577
32PS301.jpg,323PS301
33AAY543.jpg,33AI543
33ADK634.jpg,33ADK632
33AEA600.jpg,33AE600
33AES025.jpg,33ES025
33AGH033.jpg,34AGH033
33AHN938.jpg,33ANH938
33AHR842.jpg,33HPR842
33AIN704.jpg,33AI704
33AJC050.jpg,3AJC050
33AKK50.jpg,07AA76
33ALJ356.jpg,33ALL356
33ALJ743.jpg,33LJ743
33ANE60.jpg,33AE60
33AOD540.jpg,33ADD540
33APL990.jpg,33APL990
33APN931.jpg,33PN931
33APS845.jpg,33AP845
33ATL771.jpg,33ATL771
33ATM88.jpg,33IM88
33AUD57.jpg,33AUD57
33AUS949.jpg,33ASS949
33BRT11.jpg,33RT11
33CZS99.jpg,33CZSS99
33EJN47.jpg,33JN47
33FF063.jpg,33F063
33KCG39.jpg,33KCG39
33KK645.jpg,33K645
33LF885.jpg,33LF885
33LV853.jpg,33I853
33N5907.jpg,33N5907
33NS478.jpg,33N478
33PAS06.jpg,3B06
33VL188.jpg,33L188
33ZP962.jpg,33Z962
34AFT230.jpg,34AFT230
34AFU863.jpg,34AFU863
34AHF833.jpg,34AHF833
34AN5959.jpg,34AH5959
34ANF369.jpg,34ANF369
34AY713.jpg,34AY713
34BAM909.jpg,34GAM909
34BBT840.jpg,34BBT840
34BCK654.jpg,34BCK654
34BDS654.jpg,34BOS654
34BFG574.jpg,34FG574
34BFY942.jpg,34BFV942
34BGG733.jpg,05C336
34BGJ111.jpg,34BGJ111
34BH0700.jpg,34BH0700
34BJN761.jpg,34BJN761
34BKG649.jpg,34BKG649
34BKY718.jpg,34BKY718
34BL2245.jpg,34BL2245
34BOA803.jpg,34DA803
34BSM987.jpg,34BSM987
34BU057.jpg,34EBU057
34BY0673.jpg,34GY0673
34BZP387.jpg,34BZP387
34CAN373.jpg,34CAN373
34CBV581.jpg,34CBV581
34CCE204.jpg,34CEE204
34CCE629.jpg,34CCE629
34CEG360.jpg,34VEG360
34CGB883.jpg,34CCB883
34CGV581.jpg,34CGV581
34CHH180.jpg,34CHH180
34CIT181.jpg,34CT181
34CLC208.jpg,34CLC208
34COL406.jpg,34CDL406
34CRE397.jpg,34CRE397
34CRP951.jpg,34CP951
34CTZ201.jpg,34CZ201
34CUJ150.jpg,34CJ150
34DAD318.jpg,34DAD318
34DBE566.jpg,34DE566
34DCP279.jpg,34DCP279
34DE4748.jpg,34DE4748
34DEA364.jpg,34EEA364
34DGN707.jpg,34BGN707
34DJP596.jpg,34DLP596
34DKZ622.jpg,34DOZ622
34DMH553.jpg,34DH553
34DNE685.jpg,343NE685
34DNF642.jpg,34DNF642
34DUG741.jpg,34DUG741
34DUG746.jpg,34DUG746
34DZH791.jpg,34CZH791
34EAV103.jpg,34EAV103
34EC2534.jpg,34EC2534
34ECP813.jpg,34ECP813
34EKB574.jpg,34KKB574
34EKF890.jpg,34EKF890
34END824.jpg,34ENUD824
34EPL089.jpg,34EPL089
34EPV956.jpg,34EPV956
34ERE608.jpg,34ERE608
34ERT918.jpg,34BRT918
34ESS275.jpg,34SSS275
34ESS312.jpg,34ESS312
34ESZ470.jpg,34ESZ470
34ETH200.jpg,34EFH200
34ETP43.jpg,07HH2
34EYS804.jpg,34ES804
34EZH584.jpg,34EZH584
34FAR553.jpg,34FAR553
34FAY527.jpg,34FAY527
34FBF217.jpg,34FF217
34FCT362.jpg,34ELT362
34FCY677.jpg,34CZY677
34FEF540.jpg,34FEF540
34FEY116.jpg,34EYY116
34FGM772.jpg,34FGM772
34FHB110.jpg,34HB110
34FHT271.jpg,34FT271
34FKE096.jpg,34FKEE096
34FKY340.jpg,34FKY340
34FL2562.jpg,34FL2562
34FMP070.jpg,34FP870
34FMP870.jpg,34FP870
34FOL642.jpg,34EPL642
34FPD338.jpg,34FPD338
34FRL352.jpg,34FRL352
34FSP076.jpg,34ESP076
34FSY806.jpg,34ESY806
34FVB355.jpg,34FPB355
34FVJ211.jpg,34FJ211
34FZE277.jpg,34E277
34FZF693.jpg,34EZF693
34FZK352.jpg,34FK352
34GAR080.jpg,34GAR080
34GCE789.jpg,34CGE789
34GFV699.jpg,34GPV699
34GG8199.jpg,34GG8199
34GGC950.jpg,34GGC950
34GJC090.jpg,34GJC090
34GJM056.jpg,34GJM056
34GJP478.jpg,34GJ478
34GJS080.jpg,34GJS080
34GKS644.jpg,31E
34GLN220.jpg,34GLN220
34GLV963.jpg,34GLV963
34GMH084.jpg,34ADH084
34GMJ988.jpg,34GMJ988
34GMY397.jpg,34BY397
34GNA636.jpg,34GBA636
34GNC349.jpg,34CNC349
34GNV191.jpg,34AV191
34GON339.jpg,34GON339
34GOZ838.jpg,34GOZ838
34GPA064.jpg,34GP064
34GPD049.jpg,34FPD049
34GPJ543.jpg,34GPJ543
34GRP547.jpg,34GRP547
34GSN094.jpg,34GSN094
34GSN115.jpg,34GSN115
34GVF840.jpg,34GVF840
34GVU748.jpg,34GIU748
34GVU789.jpg,34GOU789
34GY9789.jpg,34GY9789
34GZS311.jpg,34GZ311
34HAR486.jpg,34HAR486
34HAR888.jpg,34HAR888
34HAU087.jpg,34HAU087
34HBM737.jpg,34HBM737
34HBU194.jpg,34HBU194
34HD7770.jpg,34HD7770
34HDF419.jpg,34DOF419
34HDN719.jpg,34DN719
34HEB216.jpg,34EEB216
34HEB893.jpg,34HEB893
34HEN573.jpg,34HEN573
34HFD489.jpg,34FRD489
34HFO489.jpg,34FD489
34HFS478.jpg,34HFS478
34HGU323.jpg,34HGU323
34HIV740.jpg,34HIV740
34HKM988.jpg,34HKM988
34HKV468.jpg,34HKV468
34HLA175.jpg,34HL175
34HLB808.jpg,343L808
34HMC582.jpg,34HNC582
34HMK341.jpg,34HMK341
34HOF168.jpg,34HOF168
34HOR253.jpg,34HR253
34HOS027.jpg,34DOS027
34HPD724.jpg,34FP724
34HPP825.jpg,34HP825
34HSA385.jpg,34HSA385
34HSB556.jpg,34KSB556
34HSD236.jpg,34HSD236
34HSF999.jpg,34HSF999
34HSM582.jpg,34HSM582
34HSM594.jpg,34HSM594
34HTV034.jpg,34HV034
34HUF021.jpg,34HUF021
34HUU830.jpg,34HNU830
34HVB681.jpg,34KPB681
34HYP724.jpg,34HYP724
34JD2651.jpg,34DJ2651
34JK0690.jpg,34KK0690
34KB1057.jpg,34KB1057
34KDP295.jpg,34KOP295
34KDZ975.jpg,34KOZ975
34KEJ169.jpg,34KEJ169
34KFG016.jpg,34KFG016
34KG3333.jpg,34KG3333
34KGC774.jpg,34KCC774
34KHJ376.jpg,34KJ376
34KHL140.jpg,34KHL140
34KIS722.jpg,34KS722
34KJL214.jpg,34KL214
34KK1671.jpg,34KK1671
34KKM705.jpg,34KM705
34KKV592.jpg,34KKV592
34KLF479.jpg,34KCF479
34KLT605.jpg,34LLT605
34KMH571.jpg,34KNH571
34KMR591.jpg,34KR591
34KNG612.jpg,34KNG612
34KOD001.jpg,34KOD001
34KOE630.jpg,34KOE630
34KOH527.jpg,34KOH527
34KOJ998.jpg,34KJ998
34KOK649.jpg,34KOK649
34KOZ594.jpg,34KOZ594
34KP6219.jpg,34KP6219
34KP8792.jpg,34KP8792
34KPY897.jpg,34KPY897
34KT2050.jpg,34KT2050
34KU3960.jpg,34KU3960
34LB5641.jpg,34LB564
34LE5022.jpg,34LE5022
34LJ9582.jpg,34LJ9582
34LR0761.jpg,34L0761
34LV2440.jpg,34GI2440
34MDC35.jpg,34HOC35
34MGR05.jpg,34HGR05
34NB0707.jpg,35AB0707
34NC5491.jpg,34NC5491
34NC9888.jpg,34HC9888
34NH1848.jpg,34NH1848
34NJ3321.jpg,34NJ3321
34NJ8872.jpg,34NJ8872
34NK6563.jpg,34NN6563
34NZ3264.jpg,34NZ3264
34PD4993.jpg,34PD4993
34PV6663.jpg,34PV6663
34RP007.jpg,34RP007
34RS2249.jpg,34RS2249
34RY0707.jpg,34BY0707
34RZI98.jpg,34HZ98
34SC0728.jpg,34GC0728
34SF4106.jpg,34SF4106
34SF9938.jpg,34SF9938
34SJ7554.jpg,34SJ7554
34SN5682.jpg,34SN5682
34SP5321.jpg,34SS5321
34SU895.jpg,34SU895
34SZ9015.jpg,34SZZ9815
34TC0107.jpg,34C0107
34TP8200.jpg,34TP8200
34UB007.jpg,34UB007
34UC0707.jpg,34UC0707
34UG007.jpg,34UG007
34UN8686.jpg,34N8686
34UZ9028.jpg,63T6
34VBS86.jpg,34VB86
34VF7464.jpg,34NF7464
34VH3920.jpg,34HH3920
34VIH53.jpg,34HV53
34VT5772.jpg,34T5772
34VZ677.jpg,34VZ677
34Y5711.jpg,34Y5711
34YN7519.jpg,34NN7519
34ZZ188.jpg,34Z188
35ADM737.jpg,35ADM737
35AG4811.jpg,35AG4811
35AGF277.jpg,35AGF277
35AHL638.jpg,34AL638
35AIB40.jpg,33AI205
35AKS080.jpg,35AKSS080
35ALF177.jpg,34AAF177
35ALM069.jpg,35ALM069
35ANJ007.jpg,35ANJ007
35AOP289.jpg,35AUP289
35AS5222.jpg,35AS5222
35ATB069.jpg,35ATB069
35BEM652.jpg,35EM652
35BFU339.jpg,35BFU339
35BGD279.jpg,35BGD279
35BJZ130.jpg,35JZ130
35BKR389.jpg,35BKR389
35BPZ776.jpg,35BPZ776
35BUB018.jpg,35BU018
35BVZ021.jpg,35BVZ021
35CCT408.jpg,35CT408
35DB8861.jpg,35DB8861
35DD3724.jpg,35D3724
35DDG93.jpg,35BOG93
35DO3724.jpg,35DD3724
35EEF24.jpg,35EEF24
35EZH54.jpg,34EZH54
35FE763.jpg,35FE763
35GB4343.jpg,35BB4343
35HC014.jpg,35HC014
35HVM77.jpg,34HM77
35NAT86.jpg,35NAT86
35OC1870.jpg,35C1870
35SN865.jpg,35S865
35SU331.jpg,35SU331
35TF878.jpg,35TF878
36ABE443.jpg,35AE443
36AG226.jpg,35AG226
36AV357.jpg,35AV357
37BG387.jpg,37BG387
37PE514.jpg,47APE514
38AAV014.jpg,38AV014
38AAV594.jpg,38AV594
38ACC740.jpg,38ACC40
38AFL243.jpg,38AFL243
38AFL597.jpg,38AFL597
38AFV551.jpg,38AV551
38AKM069.jpg,38AKM069
38AY508.jpg,38AT508
38D8307.jpg,38DD8307
38EB644.jpg,38EB644
38EG774.jpg,38EL774
38JZ034.jpg,38JZ034
38KK348.jpg,38KK348
38SY718.jpg,38S718
38TU922.jpg,38TU922
38YF235.jpg,38TF235
38YK729.jpg,38YK729
38ZT765.jpg,38ZT765
38ZV664.jpg,383V664
40ABC819.jpg,4BGC819
40ABP09.jpg,0AA095
40ABY696.jpg,41ABY696
40LE681.jpg,48L681
41AEH016.jpg,41AEH016
41AEN016.jpg,41AEH016
41AES528.jpg,41ASS528
41ALT736.jpg,41ALT736
41BT254.jpg,41ET254
41NH535.jpg,41NH535
41YB111.jpg,41YB111
41YY952.jpg,41Y952
42AAY14.jpg,42AAY141
42AB231.jpg,42AB231
42ACE960.jpg,42ACE960
42ACZ827.jpg,42ACZ827
42AEF666.jpg,42AEF666
42AFF033.jpg,42AF033
42AFV015.jpg,42AF015
42AGK237.jpg,42AGK237
42AGZ287.jpg,42AGZ287
42AHL598.jpg,42AL598
42AIS537.jpg,42ATS537
42AJE011.jpg,42AJE011
42AJU185.jpg,42AAU185
42AKP096.jpg,42AKP096
42ALF992.jpg,07AAF992
42AOA845.jpg,42AD845
42AOG025.jpg,42ADG025
42AOT436.jpg,02AB
42APZ235.jpg,42AF235
42ARB116.jpg,42ARB116
42ARB274.jpg,42ARB274
42ARU551.jpg,42ADJ551
42ASI662.jpg,41AV662
42ATA310.jpg,42AT310
42ATF057.jpg,42ATF057
42ATR771.jpg,42ATR771
42AUB240.jpg,42AUB240
42AUP626.jpg,42AUP626
42AVD46.jpg,42ATD46
42AYA496.jpg,42AYK496
42BME49.jpg,42BE49
42BTR83.jpg,42BR83
42BUY98.jpg,42DGY98
42CBM03.jpg,42AGM03
42CGY07.jpg,42CG07
42CYG72.jpg,42YG72
42DBV58.jpg,42HBV58
42EAU06.jpg,42EAU06
42FKD30.jpg,42FKD30
42FOE81.jpg,42FE81
42GU492.jpg,42GU492
42H4747.jpg,42H4747
42J4777.jpg,42JJ4777
42K9390.jpg,42K9390
42MA8877.jpg,42HA8877
42NT010.jpg,42NT010
42NY183.jpg,42HY183
42S7555.jpg,42S7555
42SJ960.jpg,42SJ960
42SP934.jpg,424S934
42TS885.jpg,42TS885
42UN733.jpg,42AN733
42YZ989.jpg,42YZ989
43AEA490.jpg,4AEA490
43AFK934.jpg,4AFK934
43AFN352.jpg,4AF352
43BM595.jpg,22B595
43ST143.jpg,42ST143
43U3525.jpg,4UU3525
43VE454.jpg,42EE454
44AEM771.jpg,4AEM771
44ED967.jpg,44E967
44FB042.jpg,48BB042
45AHL155.jpg,45AL155
45AKZ318.jpg,45AKZ318
45F5085.jpg,45F5085
45SB3706.jpg,45SB3706
46AC221.jpg,46AC221
46AEH816.jpg,42AA816
46AFE528.jpg,46AFE528
46AIP471.jpg,46AP471
46AY195.jpg,46AY195
46BB796.jpg,46BB796
46BJ907.jpg,46BJ907
46K0301.jpg,16KK0301
47ADA418.jpg,47AA418
47AF206.jpg,47AF206
47AG942.jpg,47AG942
47AJ582.jpg,47AJ582
47PG373.jpg,47BPG373
48AEU718.jpg,48AEU718
48AOZ932.jpg,46ADZ932
48BG649.jpg,48BB649
48E6685.jpg,46E6685
48F2576.jpg,4F2576
48HK650.jpg,46HK650
48RY397.jpg,46PV397
48TOG080.jpg,46DTG080
49AAZ411.jpg,42AAZ411
49AJZ411.jpg,48UAZ411
50ACK300.jpg,51ACK300
50AS872.jpg,5AS872
50AT021.jpg,58AT021
50ES862.jpg,50ES862
50FS038.jpg,58FS038
51ACE463.jpg,51AC463
51ACL210.jpg,51ACL210
51ACU132.jpg,51ACU132
52ACT679.jpg,52ACT679
52EE451.jpg,52E451
52PB555.jpg,52PB555
53ABV773.jpg,5ABBV773
53FJ444.jpg,35FJ444
54ABC741.jpg,54AGC741
54ABM825.jpg,54ABM825
54AEG181.jpg,54AEG181
54AGY826.jpg,54AGY826
54AJH205.jpg,54AJH205
54E2727.jpg,34E2727
54KZ599.jpg,54KZ599
54YL937.jpg,54YL937
55ACK488.jpg,5CCK488
55AHV199.jpg,5AHV199
55AJA186.jpg,5AJA186
55ALN014.jpg,5AN014
55ANP664.jpg,5AP664
55ASZ33.jpg,5ASZ33
55BAY42.jpg,5AAY42
55BMV41.jpg,5BN41
55JV006.jpg,5JU006
58AAF108.jpg,06AIH106
58AEY246.jpg,5AEY246
58DS410.jpg,585S410
58FY115.jpg,58FY115
58RB284.jpg,589B284
59AFA521.jpg,589AF521
59HN446.jpg,3N446
60AFE435.jpg,40AFE435
60AFJ735.jpg,8AFJ735
60ET099.jpg,68ET099
61ABY461.jpg,61ABY461
61AEF347.jpg,41AEF347
61AEY274.jpg,12AEY274
61AGH367.jpg,61AGH367
61TR478.jpg,61TR478
61VP171.jpg,61TP171
63ABL935.jpg,62ABL935
63ABM984.jpg,63ABM984
63ADY773.jpg,6AD773
63AFZ640.jpg,68AFZ640
63AHH900.jpg,68AH900
63S0450.jpg,63S0450
64ACC511.jpg,46ACC511
64SE097.jpg,46EE097
65BH267.jpg,15H267
66AAH770.jpg,46AAH770
66AAY243.jpg,6AAY243
66ACC835.jpg,64ACC835
66NG917.jpg,6NN917
67EZ800.jpg,07EZZ800
68AAB999.jpg,68AAB999
68ES697.jpg,69S697
68HH094.jpg,6HH094
68S0257.jpg,6S0257
69AAG725.jpg,68AAG725
71ACJ530.jpg,21ACJ530
71ADD840.jpg,71ADD840
71ADF866.jpg,07ADF866
72ABF182.jpg,27ABF182
75BL791.jpg,07EBL791
76AAG730.jpg,76AAG730
78AAP552.jpg,1AAP552
79ABK115.jpg,78ABK115
80ADA758.jpg,80ADA758
80ADT193.jpg,68AD193
80AEA688.jpg,60AEA688
80AED491.jpg,80EED491
80AEL876.jpg,60AEL876
80AEU675.jpg,80AEU675
80EJ448.jpg,80EJ448
80FZ162.jpg,80FZ162
80GF440.jpg,80GF440
80GG355.jpg,80AG355
80HH537.jpg,36BVZ1021
80HH688.jpg,30HH688
81ACN594.jpg,1ACN594
81ADH061.jpg,81ADH061
81ADR353.jpg,80ADR353
81DE320.jpg,81DE320
OkunamadÄ± !.jpg,07AK6
